"Message",Low,"Starting .NET Native compilation"
"Message",Low,""
"Message",Low,""
"Message",Low,"Task ""Gatekeeper"""
"Message",Normal,"Launching 'C:\Users\Jesper\.nuget\packages\microsoft.net.native.compiler\1.7.3\tools\ARM\ilc\Tools\Gatekeeper.exe @""C:\Users\Jesper\source\repos\Kommandobogen\KommandoBogApp\obj\ARM\Release\ilc\intermediate\gkargs.rsp""'"
"Message",Low,"Microsoft (R) .NET Native Gatekeeper Version 1.7.25927.00 "
"Message",Low,"Copyright (C) Microsoft Corporation.  All rights reserved. "
"Message",Low," "
"Message",Low,"Checking assembly 'C:\Users\Jesper\source\repos\Kommandobogen\KommandoBogApp\obj\ARM\Release\ilc\in\KommandoBogApp.exe'. "
"Message",Low,"Checking assembly 'C:\Users\Jesper\source\repos\Kommandobogen\KommandoBogApp\obj\ARM\Release\ilc\in\Microsoft.Xaml.Interactions.dll'. "
"Message",Low,"Checking assembly 'C:\Users\Jesper\source\repos\Kommandobogen\KommandoBogApp\obj\ARM\Release\ilc\in\Microsoft.Xaml.Interactivity.dll'. "
"Message",Low,"Checking assembly 'C:\Users\Jesper\source\repos\Kommandobogen\KommandoBogApp\obj\ARM\Release\ilc\in\Newtonsoft.Json.dll'. "
"Message",Low,"Checking assembly 'C:\Users\Jesper\source\repos\Kommandobogen\KommandoBogApp\obj\ARM\Release\ilc\in\System.Net.Http.Extensions.dll'. "
"Message",Low,"Checking assembly 'C:\Users\Jesper\source\repos\Kommandobogen\KommandoBogApp\obj\ARM\Release\ilc\in\System.Net.Http.Formatting.dll'. "
"Message",Normal,"'C:\Users\Jesper\.nuget\packages\microsoft.net.native.compiler\1.7.3\tools\ARM\ilc\Tools\Gatekeeper.exe @""C:\Users\Jesper\source\repos\Kommandobogen\KommandoBogApp\obj\ARM\Release\ilc\intermediate\gkargs.rsp""' completed."
"Message",Normal,"Process execution statistics (all times in milliseconds)"
"Message",Normal,"-----------------------------------------------------------------------------"
"Message",Normal,"launch  |  start   |   stop   |   end    | duration | lifetime | [slot] name"
"Message",Normal,"-----------------------------------------------------------------------------"
"Message",Normal,"       0 |       93 |      687 |      687 |      594 |      687 | [0] Gatekeeper"
"Message",Normal,"Number of commands:      1"
"Message",Normal,"Total system time:       687 ms"
"Message",Normal,"System time per command: 687 ms"
"Message",Normal,"Total duration:          594 ms"
"Message",Normal,"Total lifetime:          687 ms"
"Message",Normal,"Requested DOP:           4"
"Message",Normal,"Duration DOP:            0.9"
"Message",Normal,"Lifetime DOP:            1.0"
"Message",Low,"Done executing task ""Gatekeeper""."
"Message",Low,"Done building target ""RunGatekeeper"" in file ""Preparation""."
"Message",Low,""
"Message",Low,"Task ""InjectWindowsRuntimeTypeForwards"""
"Message",Normal,"Running 'InjectWindowsRuntimeTypeForwards' transform, heap at 12 MB."
"Message",Normal,"Running 'WriteAssemblies' transform, heap at 16 MB."
"Message",Normal,""
"Message",Normal,"Transform summary"
"Message",Normal,"    ms | heap delta | name"
"Message",Normal,"   453 |          4 | InjectWindowsRuntimeTypeForwards"
"Message",Normal,"   311 |          2 | WriteAssemblies"
"Message",Low,"Done executing task ""InjectWindowsRuntimeTypeForwards""."
"Message",Low,"Done building target ""InjectWindowRuntimeTypeForwards"" in file ""Preparation""."
"Message",Low,""
"Message",Low,"Task ""PreResolveAssemblyClosure"""
"Message",Low,"Done executing task ""PreResolveAssemblyClosure""."
"Message",Low,"Task ""PreResolveTransforms"""
"Message",Normal,"Running 'ResolveSelfReferences' transform, heap at 30 MB."
"Message",Normal,"Running 'RemoveDuplicateMembers' transform, heap at 64 MB."
"Message",Normal,"Running 'PortableLib' transform, heap at 64 MB."
"Message",Normal,"Running 'WriteAssemblies' transform, heap at 112 MB."
"Message",Normal,""
"Message",Normal,"Transform summary"
"Message",Normal,"    ms | heap delta | name"
"Message",Normal,"   486 |        -61 | WriteAssemblies"
"Message",Normal,"   476 |         34 | ResolveSelfReferences"
"Message",Normal,"   441 |         48 | PortableLib"
"Message",Normal,"     0 |          0 | RemoveDuplicateMembers"
"Message",Low,"Done executing task ""PreResolveTransforms""."
"Message",Low,"Done building target ""PreResolveTransforms"" in file ""Preparation""."
"Message",Low,""
"Message",Low,"Task ""InitialAssemblyClosure"""
"Message",Low,"Done executing task ""InitialAssemblyClosure""."
"Message",Low,"Task ""ResolveInitialReferencesAssemblyClosure1"""
"Message",Low,"Done executing task ""ResolveInitialReferencesAssemblyClosure1""."
"Message",Low,"Task ""ResolveInitialReferencesAssemblyClosure2"""
"Message",Low,"Done executing task ""ResolveInitialReferencesAssemblyClosure2""."
"Message",Low,"Done building target ""ResolveInitialReferences"" in file ""Preparation""."
"Message",Low,"Done building project ""Preparation""."
"Message",Low,""
"Message",Low,""
"Message",High,"Processing application code"
"Message",Low,"Task ""ValidateSimpleNames"""
"Message",Low,"Done executing task ""ValidateSimpleNames""."
"Message",Low,"Task ""McgContractsResolveFilePath"""
"Message",Low,"Done executing task ""McgContractsResolveFilePath""."
"Message",Low,"Task ""McgFacadeResolveFilePath"""
"Message",Low,"Done executing task ""McgFacadeResolveFilePath""."
"Message",Low,"Task ""FinalAssemblyClosureRootsResolveFilePaths"""
"Message",Low,"Done executing task ""FinalAssemblyClosureRootsResolveFilePaths""."
"Message",Low,"Task ""FinalAssemblyClosure"""
"Message",Low,"Done executing task ""FinalAssemblyClosure""."
"Message",Low,"Task ""RunILTransforms"""
"Message",Normal,"Running 'Analysis' transform, heap at 80 MB."
"Message",Low,"Loading 97 modules..."
"Message",Normal,"Imported reflection directives from 19 files:"
"Message",Normal,"C:\Users\Jesper\source\repos\Kommandobogen\KommandoBogApp\obj\ARM\Release\ilc\in\Properties\Default.rd.xml"
"Message",Normal,"Embedded manifest in System.Diagnostics.Tracing: Resources.System.Diagnostics.Tracing.rd.xml"
"Message",Normal,"Embedded manifest in System.Private.Reflection: System.Private.Reflection.rd.xml"
"Message",Normal,"Embedded manifest in System.Private.CoreLib: Resources.System.Private.CoreLib.rd.xml"
"Message",Normal,"Embedded manifest in System.Private.Uri: Resources.System.Private.Uri.rd.xml"
"Message",Normal,"Embedded manifest in System.Private.Reflection.Core: System.Private.Reflection.Core.rd.xml"
"Message",Normal,"Embedded manifest in System.Linq.Expressions: Resources.System.Linq.Expressions.rd.xml"
"Message",Normal,"Embedded manifest in System.Private.PortableThunks: Resources.System.Private.PortableThunks.rd.xml"
"Message",Normal,"Embedded manifest in System.Xml.XDocument: System.Xml.Resources.System.Xml.XDocument.rd.xml"
"Message",Normal,"Embedded manifest in System.Xml.ReaderWriter: System.Xml.Resources.System.Xml.ReaderWriter.rd.xml"
"Message",Normal,"Embedded manifest in System.Xml.XmlSerializer: System.Xml.XmlSerializer.Resources.System.Xml.XmlSerializer.rd.xml"
"Message",Normal,"Embedded manifest in System.Runtime.Serialization.Primitives: System.Runtime.Serialization.Primitives.Resources.System.Runtime.Serialization.Primitives.rd.xml"
"Message",Normal,"Embedded manifest in System.Dynamic.Runtime: Resources.System.Dynamic.Runtime.rd.xml"
"Message",Normal,"Embedded manifest in Microsoft.CSharp: Microsoft.CSharp.Resources.Microsoft.CSharp.rd.xml"
"Message",Normal,"Embedded manifest in System.Private.DataContractSerialization: System.Private.DataContractSerialization.Resources.System.Private.DataContractSerialization.rd.xml"
"Message",Normal,"Embedded manifest in System.Private.Interop: Resources.System.Private.Interop.rd.xml"
"Message",Normal,"Embedded manifest in Microsoft.Xaml.Interactions: Microsoft.Xaml.Interactions.Properties.Microsoft.Xaml.Interactions.rd.xml"
"Message",Normal,"Embedded manifest in Microsoft.Xaml.Interactivity: Microsoft.Xaml.Interactivity.Properties.Microsoft.Xaml.Interactivity.rd.xml"
"Message",Normal,"Newtonsoft.Json"
"Message",Normal,"Imported XAML Roots from 1 files:"
"Message",Normal,"C:\Users\Jesper\source\repos\Kommandobogen\KommandoBogApp\obj\ARM\Release\ilc\in\KommandoBogApp.xr.xml"
"Message",Normal,"Running 'Mcg' transform, heap at 270 MB."
"Message",High,"Computing application closure and generating interop code"
"Message",Normal,"  List of .lib files:"
"Message",Normal,"      WindowsApp.lib"
"Message",Normal,"      winsqlite3.lib"
"Message",Normal,"  List of .lib search paths:"
"Message",Normal,"      C:\Program Files (x86)\Windows Kits\10\lib\10.0.15063.0\um\arm"
"Message",Normal,"  Loading exports from libs..."
"Message",Normal,"      2866 exports read from 'C:\Program Files (x86)\Windows Kits\10\lib\10.0.15063.0\um\arm\WindowsApp.lib'."
"Message",Normal,"      237 exports read from 'C:\Program Files (x86)\Windows Kits\10\lib\10.0.15063.0\um\arm\winsqlite3.lib'."
"Message",High,"  Loading 97 modules..."
"Message",Normal,"          P/Invoke 'RhWaitForPendingFinalizers' with [DllImport(ExactSpelling=true)] resolved to '[MRT]!RhWaitForPendingFinalizers'."
"Message",Normal,"          P/Invoke 'RhYield' with [DllImport(ExactSpelling=true)] resolved to '[MRT]!RhYield'."
"Message",Normal,"          P/Invoke 'RhCompatibleReentrantWaitAny' with [DllImport(ExactSpelling=true)] resolved to '[MRT]!RhCompatibleReentrantWaitAny'."
"Message",Normal,"          P/Invoke '_ecvt_s' with [DllImport(ExactSpelling=true)] resolved to '[MRT]!_ecvt_s'."
"Message",Normal,"          P/Invoke 'memmove' with [DllImport(ExactSpelling=true)] resolved to '[MRT]!memmove'."
"Message",Normal,"          P/Invoke 'CallingConventionConverter_GetStubs' with [DllImport(ExactSpelling=true)] resolved to '*!CallingConventionConverter_GetStubs'."
"Message",Normal,"          P/Invoke 'CallingConventionConverter_SpecifyCommonStubData' with [DllImport(ExactSpelling=true)] resolved to '*!CallingConventionConverter_SpecifyCommonStubData'."
"Message",Normal,"          P/Invoke 'GetLastError' resolved to 'api-ms-win-core-errorhandling-l1-1-1.dll!GetLastError' from 'C:\Program Files (x86)\Windows Kits\10\lib\10.0.15063.0\um\arm\WindowsApp.lib'."
"Message",Normal,"          P/Invoke 'RoInitialize' resolved to 'api-ms-win-core-winrt-l1-1-0.dll!RoInitialize' from 'C:\Program Files (x86)\Windows Kits\10\lib\10.0.15063.0\um\arm\WindowsApp.lib'."
"Message",Normal,"          P/Invoke 'IsValidLocaleName' resolved to 'api-ms-win-core-localization-l1-2-1.dll!IsValidLocaleName' from 'C:\Program Files (x86)\Windows Kits\10\lib\10.0.15063.0\um\arm\WindowsApp.lib'."
"Message",Normal,"          P/Invoke 'ResolveLocaleName' resolved to 'api-ms-win-core-localization-l1-2-1.dll!ResolveLocaleName' from 'C:\Program Files (x86)\Windows Kits\10\lib\10.0.15063.0\um\arm\WindowsApp.lib'."
"Message",Normal,"          P/Invoke 'GetCPInfoExW' resolved to 'api-ms-win-core-localization-l1-2-1.dll!GetCPInfoExW' from 'C:\Program Files (x86)\Windows Kits\10\lib\10.0.15063.0\um\arm\WindowsApp.lib'."
"Message",Normal,"          P/Invoke 'CoCreateInstance' with [DllImport(ExactSpelling=true)] resolved to 'api-ms-win-core-com-l1-1-0.dll!CoCreateInstance'."
"Message",Normal,"          P/Invoke '#6' resolved to 'oleaut32.dll!#6' from 'C:\Program Files (x86)\Windows Kits\10\lib\10.0.15063.0\um\arm\WindowsApp.lib'."
"Message",Normal,"          P/Invoke 'RtlIpv6AddressToStringExW' resolved to 'ntdll.dll!RtlIpv6AddressToStringExW' from 'C:\Program Files (x86)\Windows Kits\10\lib\10.0.15063.0\um\arm\WindowsApp.lib'."
"Message",Normal,"          P/Invoke 'RtlIpv4AddressToStringExW' resolved to 'ntdll.dll!RtlIpv4AddressToStringExW' from 'C:\Program Files (x86)\Windows Kits\10\lib\10.0.15063.0\um\arm\WindowsApp.lib'."
"Message",Normal,"          P/Invoke 'RoGetBufferMarshaler' resolved to 'api-ms-win-core-winrt-robuffer-l1-1-0.dll!RoGetBufferMarshaler' from 'C:\Program Files (x86)\Windows Kits\10\lib\10.0.15063.0\um\arm\WindowsApp.lib'."
"Message",Normal,"          P/Invoke 'FormatMessageW' resolved to 'api-ms-win-core-localization-l1-2-1.dll!FormatMessageW' from 'C:\Program Files (x86)\Windows Kits\10\lib\10.0.15063.0\um\arm\WindowsApp.lib'."
"Message",High,"  Generating code..."
"Message",High,"  Interop code generated."
"Message",Normal,"  Written code to AssemblyInfo.g.cs"
"Message",Normal,"  Written code to Adapters.g.cs"
"Message",Normal,"  Written code to Data.g.cs"
"Message",Normal,"  Written code to Helpers.g.cs"
"Message",Normal,"  Written code to ImplTypes.g.cs"
"Message",Normal,"  Written code to PInvoke.g.cs"
"Message",Normal,"  Written code to SafeTypes.g.cs"
"Message",Normal,"  Written code to SharedStubs.g.cs"
"Message",Normal,"Running 'GenerateCodeAndCompile' transform, heap at 225 MB."
"Message",High,"Generating serialization code"
"Message",High,"Compiling interop code"
"Message",Normal,"Compiling generated source code: C:\Users\Jesper\.nuget\packages\microsoft.net.native.compiler\1.7.3\tools\ARM\ilc\csc\csc.exe /noconfig @""C:\Users\Jesper\source\repos\Kommandobogen\KommandoBogApp\obj\ARM\Release\ilc\intermediate\KommandoBogApp.McgInterop.rsp"""
"Message",High,"Generating System.Reflection.DispatchProxy proxy code."
"Message",Normal,"Running 'DumpNativeResources' transform, heap at 225 MB."
"Message",Normal,"Running 'ReducedCopyInitialize' transform, heap at 225 MB."
"Message",Normal,"Running 'ReducedCopyEmptyTypes' transform, heap at 251 MB."
"Message",Normal,"Running 'ReducedCopyPopulateTypes' transform, heap at 255 MB."
"Message",Normal,"Running 'ReducedCopyLateMetadata' transform, heap at 204 MB."
"Message",Normal,"Running 'ReducedCopyMethodBodies' transform, heap at 222 MB."
"Message",Normal,"Running 'ReducedCopyComplete' transform, heap at 271 MB."
"Message",Normal,"Running 'ReducedCopyCleanup' transform, heap at 258 MB."
"Message",Normal,"Running 'DeveloperExperienceModeOnlyCodeRemover' transform, heap at 258 MB."
"Message",Normal,"Running 'ComImportDetector' transform, heap at 267 MB."
"Message",Normal,"Running 'McgAccessor' transform, heap at 267 MB."
"Message",Normal,"Running 'McgRedirect' transform, heap at 268 MB."
"Message",Normal,"Running 'McgRedirect' transform, heap at 272 MB."
"Message",Normal,"Running 'McgTypeOf' transform, heap at 273 MB."
"Message",Normal,"Running 'ExceptionMiniaturizer' transform, heap at 280 MB."
"Message",Normal,"Running 'EventSource' transform, heap at 292 MB."
"Message",Normal,"Running 'ValueType' transform, heap at 292 MB."
"Message",Normal,"Running 'Attribute' transform, heap at 292 MB."
"Message",Normal,"Running 'GetType' transform, heap at 293 MB."
"Message",Normal,"Running 'McgFixups' transform, heap at 293 MB."
"Message",Normal,"Running 'ResourceManagerCtor' transform, heap at 294 MB."
"Message",Normal,"Running 'TypeofTypeHandle' transform, heap at 294 MB."
"Message",Normal,"Running 'DispatchProxyIntrinsics' transform, heap at 298 MB."
"Message",Normal,"Running 'StaticInitData' transform, heap at 298 MB."
"Message",Normal,"Running 'StartupCodeInjector' transform, heap at 309 MB."
"Message",Normal,"Running 'InjectAppContextSwitches' transform, heap at 309 MB."
"Message",Normal,"Running 'ImplementLibraryDynamicInvokeHelpers' transform, heap at 309 MB."
"Message",Normal,"Running 'Delegate' transform, heap at 309 MB."
"Message",Normal,"Running 'DelegateCtorCall' transform, heap at 318 MB."
"Message",Normal,"Running 'LazyGenerics' transform, heap at 320 MB."
"Message",Normal,"Running 'AddReflectionBlockedAttributes' transform, heap at 344 MB."
"Message",Normal,"Running 'DisableOptimization' transform, heap at 345 MB."
"Message",Normal,"Running 'CreateMetadata' transform, heap at 345 MB."
"Message",Normal,"Running 'SaveRVAStatics' transform, heap at 295 MB."
"Message",Normal,"Running 'ReflectionInvoke' transform, heap at 297 MB."
"Message",Normal,"Running 'ScrubOpenCalls' transform, heap at 299 MB."
"Message",Normal,"Running 'ConvertCatchIntoFilter' transform, heap at 299 MB."
"Message",Normal,"Running 'ReflectionMappingInfoEmit' transform, heap at 300 MB."
"Message",Normal,"Running 'ConvertManagedWinMD' transform, heap at 303 MB."
"Message",Normal,"Running 'Reducer' transform, heap at 303 MB."
"Message",High,"Cleaning up unreferenced code"
"Message",Normal,"Running 'WriteAssemblies' transform, heap at 369 MB."
"Message",Normal,""
"Message",Normal,"Transform summary"
"Message",Normal,"    ms | heap delta | name"
"Message",Normal," 11165 |        190 | Analysis"
"Message",Normal,"  7671 |          0 | GenerateCodeAndCompile"
"Message",Normal,"  2791 |         66 | Reducer"
"Message",Normal,"  1942 |         85 | WriteAssemblies"
"Message",Normal,"  1275 |        -45 | Mcg"
"Message",Normal,"   766 |        -50 | CreateMetadata"
"Message",Normal,"   615 |        -13 | ReducedCopyComplete"
"Message",Normal,"   390 |        -51 | ReducedCopyPopulateTypes"
"Message",Normal,"   356 |         26 | ReducedCopyInitialize"
"Message",Normal,"   350 |         49 | ReducedCopyMethodBodies"
"Message",Normal,"   190 |         11 | StaticInitData"
"Message",Normal,"   185 |         24 | LazyGenerics"
"Message",Normal,"   167 |          4 | McgRedirect"
"Message",Normal,"   167 |          7 | McgTypeOf"
"Message",Normal,"   122 |          1 | McgRedirect"
"Message",Normal,"   117 |         18 | ReducedCopyLateMetadata"
"Message",Normal,"    85 |          4 | TypeofTypeHandle"
"Message",Normal,"    79 |         12 | ExceptionMiniaturizer"
"Message",Normal,"    54 |          2 | DelegateCtorCall"
"Message",Normal,"    37 |          9 | Delegate"
"Message",Normal,"    26 |          0 | GetType"
"Message",Normal,"    26 |          4 | ReducedCopyEmptyTypes"
"Message",Normal,"    25 |          2 | SaveRVAStatics"
"Message",Normal,"    20 |          1 | ConvertCatchIntoFilter"
"Message",Normal,"    18 |          0 | DispatchProxyIntrinsics"
"Message",Normal,"    18 |          9 | DeveloperExperienceModeOnlyCodeRemover"
"Message",Normal,"    15 |          0 | ReducedCopyCleanup"
"Message",Normal,"    14 |          1 | McgAccessor"
"Message",Normal,"    13 |          1 | McgFixups"
"Message",Normal,"    12 |          0 | ScrubOpenCalls"
"Message",Normal,"    10 |          1 | Attribute"
"Message",Normal,"     9 |          2 | ReflectionInvoke"
"Message",Normal,"     6 |          3 | ReflectionMappingInfoEmit"
"Message",Normal,"     6 |          0 | DumpNativeResources"
"Message",Normal,"     6 |          0 | ValueType"
"Message",Normal,"     4 |          0 | EventSource"
"Message",Normal,"     3 |          0 | StartupCodeInjector"
"Message",Normal,"     1 |          0 | ResourceManagerCtor"
"Message",Normal,"     0 |          0 | ConvertManagedWinMD"
"Message",Normal,"     0 |          1 | AddReflectionBlockedAttributes"
"Message",Normal,"     0 |          0 | ComImportDetector"
"Message",Normal,"     0 |          0 | DisableOptimization"
"Message",Normal,"     0 |          0 | InjectAppContextSwitches"
"Message",Normal,"     0 |          0 | ImplementLibraryDynamicInvokeHelpers"
"Message",Low,"Done executing task ""RunILTransforms""."
"Message",Low,"Done building target ""RunILTransforms"" in file ""ILTransforms""."
"Message",Low,"Done building project ""ILTransforms""."
"Message",Low,""
"Message",Low,""
"Message",Low,"Done building target ""GenerateMDIL"" in file ""Nutc""."
"Message",Low,""
"Message",High,"Generating native code"
"Message",Low,"Done building target ""MDILPrepareMultiFile"" in file ""Nutc""."
"Message",Low,""
"Message",Low,"Done building target ""SetBinaryForReferences"" in file ""Nutc""."
"Message",Low,""
"Message",Low,"Task ""GenerateMDILGlobalAnalysis"""
"Message",Normal,"Launching 'C:\Users\Jesper\.nuget\packages\microsoft.net.native.compiler\1.7.3\tools\ARM\ilc\Tools\nutc_driver.exe @""C:\Users\Jesper\source\repos\Kommandobogen\KommandoBogApp\obj\ARM\Release\ilc\intermediate\MDIL\KommandoBogApp.rsp""'"
"Message",Low,"Microsoft (R) MDIL Compiler - Version 1.7.25927.00"
"Message",Low,"Copyright (c) Microsoft Corporation.  All rights reserved."
"Message",Low,"Scanning input types"
"Message",Low,"Scanning 12460 methods."
"Message",Low,"Scanning 4063 methods."
"Message",Low,"Scanning 2505 methods."
"Message",Low,"Scanning 1698 methods."
"Message",Low,"Scanning 2874 methods."
"Message",Low,"Scanning 2096 methods."
"Message",Low,"Scanning 1330 methods."
"Message",Low,"Scanning 1112 methods."
"Message",Low,"Scanning 1112 methods."
"Message",Low,"Scanning 1077 methods."
"Message",Low,"Scanning 833 methods."
"Message",Low,"Scanning 542 methods."
"Message",Low,"Scanning 434 methods."
"Message",Low,"Scanning 225 methods."
"Message",Low,"Scanning 134 methods."
"Message",Low,"Scanning 128 methods."
"Message",Low,"Scanning 80 methods."
"Message",Low,"Scanning 30 methods."
"Message",Low,"Scanning 20 methods."
"Message",Low,"Scanning 9 methods."
"Message",Low,"Scanning 4 methods."
"Message",Low,"Scanning 7 methods."
"Message",Low,"Scanning 3 methods."
"Message",Low,"Eager code generation"
"Message",Low,"Compiling 32776 methods."
"Message",Low,"Deferred code generation"
"Message",Low,"Compiling 4 methods."
"Message",Low,"Compiling 30 methods."
"Message",Low,"Successfully generated 'C:\Users\Jesper\source\repos\Kommandobogen\KommandoBogApp\obj\ARM\Release\ilc\intermediate\MDIL\KommandoBogApp.mdilexe'"
"Message",Low,"Successfully generated 'C:\Users\Jesper\source\repos\Kommandobogen\KommandoBogApp\obj\ARM\Release\ilc\intermediate\MDIL\KommandoBogApp.mdilpdb'"
"Message",Normal,"'C:\Users\Jesper\.nuget\packages\microsoft.net.native.compiler\1.7.3\tools\ARM\ilc\Tools\nutc_driver.exe @""C:\Users\Jesper\source\repos\Kommandobogen\KommandoBogApp\obj\ARM\Release\ilc\intermediate\MDIL\KommandoBogApp.rsp""' completed."
"Message",Normal,"Process execution statistics (all times in milliseconds)"
"Message",Normal,"-----------------------------------------------------------------------------"
"Message",Normal,"launch  |  start   |   stop   |   end    | duration | lifetime | [slot] name"
"Message",Normal,"-----------------------------------------------------------------------------"
"Message",Normal,"       0 |      297 |    49109 |    49109 |    48812 |    49109 | [0] Nutc GlobalAnalysis"
"Message",Normal,"Number of commands:      1"
"Message",Normal,"Total system time:       49109 ms"
"Message",Normal,"System time per command: 49109 ms"
"Message",Normal,"Total duration:          48812 ms"
"Message",Normal,"Total lifetime:          49109 ms"
"Message",Normal,"Requested DOP:           4"
"Message",Normal,"Duration DOP:            1.0"
"Message",Normal,"Lifetime DOP:            1.0"
"Message",Low,"Done executing task ""GenerateMDILGlobalAnalysis""."
"Message",Low,"Done building target ""GenerateMDILGlobalAnalysis"" in file ""Nutc""."
"Message",Low,""
"Message",Low,"Task ""rc"""
"Message",Normal,"Launching 'C:\Program Files (x86)\Windows Kits\10\bin\10.0.15063.0\x64\rc.exe /c ""65001"" /r /fo ""C:\Users\Jesper\source\repos\Kommandobogen\KommandoBogApp\obj\ARM\Release\ilc\intermediate\BuildInfo\BuildInfo.res"" ""C:\Users\Jesper\source\repos\Kommandobogen\KommandoBogApp\obj\ARM\Release\ilc\intermediate\BuildInfo\BuildInfo.rc""'"
"Message",Low,"Microsoft (R) Windows (R) Resource Compiler Version 10.0.10011.16384"
"Message",Low,"Copyright (C) Microsoft Corporation.  All rights reserved."
"Message",Normal,"'C:\Program Files (x86)\Windows Kits\10\bin\10.0.15063.0\x64\rc.exe /c ""65001"" /r /fo ""C:\Users\Jesper\source\repos\Kommandobogen\KommandoBogApp\obj\ARM\Release\ilc\intermediate\BuildInfo\BuildInfo.res"" ""C:\Users\Jesper\source\repos\Kommandobogen\KommandoBogApp\obj\ARM\Release\ilc\intermediate\BuildInfo\BuildInfo.rc""' completed."
"Message",Normal,"Process execution statistics (all times in milliseconds)"
"Message",Normal,"-----------------------------------------------------------------------------"
"Message",Normal,"launch  |  start   |   stop   |   end    | duration | lifetime | [slot] name"
"Message",Normal,"-----------------------------------------------------------------------------"
"Message",Normal,"       0 |       16 |       47 |       47 |       31 |       47 | [0] rc"
"Message",Normal,"Number of commands:      1"
"Message",Normal,"Total system time:       47 ms"
"Message",Normal,"System time per command: 47 ms"
"Message",Normal,"Total duration:          31 ms"
"Message",Normal,"Total lifetime:          47 ms"
"Message",Normal,"Requested DOP:           4"
"Message",Normal,"Duration DOP:            0.7"
"Message",Normal,"Lifetime DOP:            1.0"
"Message",Low,"Done executing task ""rc""."
"Message",Low,"Task ""ResourceBinaryConcatenate"""
"Message",Normal,"Concatenating into 'C:\Users\Jesper\source\repos\Kommandobogen\KommandoBogApp\obj\ARM\Release\ilc\intermediate\Native.res' with alignment '4'."
"Message",Normal," Added 'C:\Users\Jesper\source\repos\Kommandobogen\KommandoBogApp\obj\ARM\Release\ilc\intermediate\ILTransformed\KommandoBogApp.res' at offset 0."
"Message",Normal," Added 'C:\Users\Jesper\source\repos\Kommandobogen\KommandoBogApp\obj\ARM\Release\ilc\intermediate\BuildInfo\BuildInfo.res' at offset 1432."
"Message",Low,"Done executing task ""ResourceBinaryConcatenate""."
"Message",Low,"Done building target ""GenerateBuildInfo"" in file ""Nutc""."
"Message",Low,"Done building project ""Nutc""."
"Message",Low,""
"Message",Low,""
"Message",Low,"Done building target ""MDILBindPrepare"" in file ""Binder""."
"Message",Low,""
"Message",High,"Generating fixups for native code"
"Message",Low,"Task ""MDILBind"""
"Message",Normal,"Launching 'C:\Users\Jesper\.nuget\packages\microsoft.net.native.compiler\1.7.3\tools\ARM\ilc\Tools\rhbind.exe @""C:\Users\Jesper\source\repos\Kommandobogen\KommandoBogApp\obj\ARM\Release\ilc\intermediate\rhbindargs.KommandoBogApp.rsp""'"
"Message",Low,"OS VERSION: major: 6  minor: 2"
"Message",Low,"MDIL: C:\Users\Jesper\source\repos\Kommandobogen\KommandoBogApp\obj\ARM\Release\ilc\intermediate\MDIL\KommandoBogApp.mdilexe"
"Message",Low,"MDILPDB: C:\Users\Jesper\source\repos\Kommandobogen\KommandoBogApp\obj\ARM\Release\ilc\intermediate\MDIL\KommandoBogApp.mdilpdb"
"Message",Low,"IL: C:\Users\Jesper\source\repos\Kommandobogen\KommandoBogApp\obj\ARM\Release\ilc\intermediate\MDIL\KommandoBogApp.ilexe"
"Message",Low,"NI: C:\Users\Jesper\source\repos\Kommandobogen\KommandoBogApp\obj\ARM\Release\ilc\intermediate\Native\KommandoBogApp.dll"
"Message",Low,"SHIM: C:\Users\Jesper\source\repos\Kommandobogen\KommandoBogApp\obj\ARM\Release\ilc\intermediate\Native\KommandoBogApp.exe"
"Message",Low,"REDHAWK_RUNTIME_DLL_NAME_A=mrt100_app.dll"
"Message",Low,"pdb: C:\Users\Jesper\source\repos\Kommandobogen\KommandoBogApp\obj\ARM\Release\ilc\intermediate\Native\KommandoBogApp.pdb"
"Message",Low,"Produced C:\Users\Jesper\source\repos\Kommandobogen\KommandoBogApp\obj\ARM\Release\ilc\intermediate\Native\KommandoBogApp.dll in 2.691 seconds"
"Message",Normal,"'C:\Users\Jesper\.nuget\packages\microsoft.net.native.compiler\1.7.3\tools\ARM\ilc\Tools\rhbind.exe @""C:\Users\Jesper\source\repos\Kommandobogen\KommandoBogApp\obj\ARM\Release\ilc\intermediate\rhbindargs.KommandoBogApp.rsp""' completed."
"Message",Normal,"Process execution statistics (all times in milliseconds)"
"Message",Normal,"-----------------------------------------------------------------------------"
"Message",Normal,"launch  |  start   |   stop   |   end    | duration | lifetime | [slot] name"
"Message",Normal,"-----------------------------------------------------------------------------"
"Message",Normal,"       0 |      266 |     3000 |     3000 |     2734 |     3000 | [0] rhbind KommandoBogApp"
"Message",Normal,"Number of commands:      1"
"Message",Normal,"Total system time:       3000 ms"
"Message",Normal,"System time per command: 3000 ms"
"Message",Normal,"Total duration:          2734 ms"
"Message",Normal,"Total lifetime:          3000 ms"
"Message",Normal,"Requested DOP:           4"
"Message",Normal,"Duration DOP:            0.9"
"Message",Normal,"Lifetime DOP:            1.0"
"Message",Low,"Done executing task ""MDILBind""."
"Message",Low,"Done building target ""MDILBind"" in file ""Binder""."
"Message",Low,"Done building project ""Binder""."
"Message",Low,""
"Message",Low,""
"Message",Low,"Done building target ""CopyNativeExecutablesToOutput"" in file ""Deployment""."
"Message",Low,""
"Message",Low,"Done building target ""CopyExtractedResourcesToOutput"" in file ""Deployment""."
"Message",Low,""
"Message",Low,"Task ""TransformAppxManifest"""
"Message",Low,"Done executing task ""TransformAppxManifest""."
"Message",Low,"Done building target ""TransformAppxManifestAndAddCrt"" in file ""Deployment""."
"Message",Low,""
"Message",Low,"Done building target ""CopyPackageResourceFileInRetailBuild"" in file ""Deployment""."
"Message",Low,"Done building project ""Deployment""."
"Message",Low,"Compilation finished"
